Kelas,Hari,Masa,Subjek
1B,ISNIN,7:40-8:10,PP-SGS
1B,ISNIN,8:10-8:40,BI-AZU
1B,ISNIN,8:40-9:10,BI-AZU
1B,ISNIN,9:10-9:40,SN-SUZ
1B,ISNIN,9:40-10:10,SN-SUZ
1B,ISNIN,10:30-11:00,SEJ-DIN
1B,ISNIN,11:00-11:30,SEJ-DIN
1B,ISNIN,11:30-12:00,RBT-VIY
1B,ISNIN,12:00-12:30,BM-JWA
1B,ISNIN,12:30-1:00,BM-JWA
1B,ISNIN,1:00-1:30,PAM-ZIL
1B,SELASA,7:40-8:10,PIB-ZIL
1B,SELASA,8:10-8:40,PIB-ZIL
1B,SELASA,8:40-9:10,PJ-WAN
1B,SELASA,9:10-9:40,PJ-WAN
1B,SELASA,9:40-10:10,BM-JWA
1B,SELASA,10:30-11:00,BM-JWA
1B,SELASA,11:00-11:30,BM-JWA
1B,SELASA,11:30-12:00,PIB-ZIL
1B,SELASA,12:00-12:30,PIB-ZIL
1B,SELASA,12:30-1:00,MAT-KIL
1B,SELASA,1:00-1:30,MAT-KIL
1B,RABU,7:40-8:10,PSB-FID
1B,RABU,8:10-8:40,PSB-FID
1B,RABU,8:40-9:10,SN-SUZ
1B,RABU,9:10-9:40,SN-SUZ
1B,RABU,9:40-10:10,GEO-COO
1B,RABU,10:30-11:00,GEO-COO
1B,RABU,11:00-11:30,GEO-COO
1B,RABU,11:30-12:00,MAT-KIL
1B,RABU,12:00-12:30,BI-AZU
1B,RABU,12:30-1:00,BI-AZU
1B,KHAMIS,7:40-8:10,PJ-WAN
1B,KHAMIS,8:10-8:40,PJ-WAN
1B,KHAMIS,8:40-9:10,RBT-VIY
1B,KHAMIS,9:10-9:40,BM-JWA
1B,KHAMIS,9:40-10:10,BM-JWA
1B,KHAMIS,10:30-11:00,SEJ-DIN
1B,KHAMIS,11:00-11:30,SEJ-DIN
1B,KHAMIS,11:30-12:00,MAT-KIL
1B,KHAMIS,12:00-12:30,MAT-KIL
1B,KHAMIS,12:30-1:00,MAT-KIL
1B,JUMAAT,7:45-8:15,BI-AZU
1B,JUMAAT,8:15-8:45,BI-AZU
1B,JUMAAT,8:45-9:15,RBT-VIY
1B,JUMAAT,9:15-9:45,RBT-VIY
1B,JUMAAT,10:05-10:35,SN-SUZ
1B,JUMAAT,10:35-11:05,SN-SUZ
1B,JUMAAT,11:05-11:35,PIB-ZIL
1B,JUMAAT,11:35-12:05,PIB-ZIL
1D,ISNIN,7:40-8:10,PP-SGS
1D,ISNIN,8:10-8:40,PSV-ITI
1D,ISNIN,8:40-9:10,PSV-ITI
1D,ISNIN,9:10-9:40,BI-AZU
1D,ISNIN,9:40-10:10,BI-AZU
1D,ISNIN,10:30-11:00,SN-RUN
1D,ISNIN,11:00-11:30,SN-RUN
1D,ISNIN,11:30-12:00,PIB-ZIL
1D,ISNIN,12:00-12:30,PIB-ZIL
1D,ISNIN,12:30-1:00,MAT-AIL
1D,ISNIN,1:00-1:30,PAM-ZIL
1D,SELASA,7:40-8:10,MAT-AIL
1D,SELASA,8:10-8:40,MAT-AIL
1D,SELASA,8:40-9:10,MAT-AIL
1D,SELASA,9:10-9:40,SN-RUN
1D,SELASA,9:40-10:10,SN-RUN
1D,SELASA,10:30-11:00,BI-AZU
1D,SELASA,11:00-11:30,BI-AZU
1D,SELASA,11:30-12:00,PJ-PAH
1D,SELASA,12:00-12:30,PJ-PAH
1D,SELASA,12:30-1:00,BM-JWA
1D,SELASA,1:00-1:30,BM-JWA
1D,RABU,7:40-8:10,BM-JWA
1D,RABU,8:10-8:40,BM-JWA
1D,RABU,8:40-9:10,BM-JWA
1D,RABU,9:10-9:40,MAT-AIL
1D,RABU,9:40-10:10,MAT-AIL
1D,RABU,10:30-11:00,SEJ-DIN
1D,RABU,11:00-11:30,PIB-ZIL
1D,RABU,11:30-12:00,PIB-ZIL
1D,RABU,12:00-12:30,RBT-VIY
1D,RABU,12:30-1:00,RBT-VIY
1D,KHAMIS,7:40-8:10,RBT-VIY
1D,KHAMIS,8:10-8:40,RBT-VIY
1D,KHAMIS,8:40-9:10,PJ-PAH
1D,KHAMIS,9:10-9:40,PJ-PAH
1D,KHAMIS,9:40-10:10,GEO-COO
1D,KHAMIS,10:30-11:00,BI-AZU
1D,KHAMIS,11:00-11:30,BI-AZU
1D,KHAMIS,11:30-12:00,SEJ-DIN
1D,KHAMIS,12:00-12:30,PIB-ZIL
1D,KHAMIS,12:30-1:00,PIB-ZIL
1D,JUMAAT,7:45-8:15,SN-RUN
1D,JUMAAT,8:15-8:45,SN-RUN
1D,JUMAAT,8:45-9:15,GEO-COO
1D,JUMAAT,9:15-9:45,GEO-COO
1D,JUMAAT,10:05-10:35,BM-JWA
1D,JUMAAT,10:35-11:05,BM-JWA
1D,JUMAAT,11:05-11:35,SEJ-DIN
1D,JUMAAT,11:35-12:05,SEJ-DIN
1E,ISNIN,7:40-8:10,PP-SGS
1E,ISNIN,8:10-8:40,RBT-VIY
1E,ISNIN,8:40-9:10,RBT-VIY
1E,ISNIN,9:10-9:40,PIB-ZIL
1E,ISNIN,9:40-10:10,PIB-ZIL
1E,ISNIN,10:30-11:00,BM-ZIE
1E,ISNIN,11:00-11:30,BM-ZIE
1E,ISNIN,11:30-12:00,SEJ-GAT
1E,ISNIN,12:00-12:30,SEJ-GAT
1E,ISNIN,12:30-1:00,SEJ-GAT
1E,ISNIN,1:00-1:30,PAM-ZIL
1E,SELASA,7:40-8:10,PJ-EZA
1E,SELASA,8:10-8:40,PJ-EZA
1E,SELASA,8:40-9:10,GEO-VIY
1E,SELASA,9:10-9:40,GEO-VIY
1E,SELASA,9:40-10:10,GEO-VIY
1E,SELASA,10:30-11:00,SN-SUZ
1E,SELASA,11:00-11:30,SN-SUZ
1E,SELASA,11:30-12:00,RBT-VIY
1E,SELASA,12:00-12:30,RBT-VIY
1E,SELASA,12:30-1:00,BI-AZU
1E,SELASA,1:00-1:30,BI-AZU
1E,RABU,7:40-8:10,PIB-ZIL
1E,RABU,8:10-8:40,PIB-ZIL
1E,RABU,8:40-9:10,BM-ZIE
1E,RABU,9:10-9:40,BM-ZIE
1E,RABU,9:40-10:10,BM-ZIE
1E,RABU,10:30-11:00,PSB-ITI
1E,RABU,11:00-11:30,PSB-ITI
1E,RABU,11:30-12:00,MAT-AIL
1E,RABU,12:00-12:30,MAT-AIL
1E,RABU,12:30-1:00,BI-AZU
1E,KHAMIS,7:40-8:10,PJ-WAN
1E,KHAMIS,8:10-8:40,PJ-WAN
1E,KHAMIS,8:40-9:10,SN-SUZ
1E,KHAMIS,9:10-9:40,SN-SUZ
1E,KHAMIS,9:40-10:10,SEJ-GAT
1E,KHAMIS,10:30-11:00,PIB-ZIL
1E,KHAMIS,11:00-11:30,PIB-ZIL
1E,KHAMIS,11:30-12:00,BI-AZU
1E,KHAMIS,12:00-12:30,BI-AZU
1E,KHAMIS,12:30-1:00,MAT-KIL
1E,JUMAAT,7:45-8:15,MAT-AIL
1E,JUMAAT,8:15-8:45,MAT-AIL
1E,JUMAAT,8:45-9:15,SN-SUZ
1E,JUMAAT,9:15-9:45,SN-SUZ
1E,JUMAAT,10:05-10:35,BI-AZU
1E,JUMAAT,10:35-11:05,BI-AZU
1E,JUMAAT,11:05-11:35,PJ-EZA
1E,JUMAAT,11:35-12:05,PJ-EZA
1S,ISNIN,7:40-8:10,PP-SGS
1S,ISNIN,8:10-8:40,BM-ZIE
1S,ISNIN,8:40-9:10,BM-ZIE
1S,ISNIN,9:10-9:40,MZB-HES
1S,ISNIN,9:40-10:10,MZB-HES
1S,ISNIN,10:30-11:00,GEO-VIY
1S,ISNIN,11:00-11:30,RBT-RAN
1S,ISNIN,11:30-12:00,RBT-RAN
1S,ISNIN,12:00-12:30,BI-AZU
1S,ISNIN,12:30-1:00,BI-AZU
1S,ISNIN,1:00-1:30,PAM-GAT
1S,SELASA,7:40-8:10,BI-AZU
1S,SELASA,8:10-8:40,BI-AZU
1S,SELASA,8:40-9:10,SN-ZAH
1S,SELASA,9:10-9:40,SN-ZAH
1S,SELASA,9:40-10:10,PJ-EZA
1S,SELASA,10:30-11:00,PJ-EZA
1S,SELASA,11:00-11:30,MAT-AIL
1S,SELASA,11:30-12:00,MAT-AIL
1S,SELASA,12:00-12:30,BM-ZIE
1S,SELASA,12:30-1:00,BM-ZIE
1S,SELASA,1:00-1:30,BM-ZIE
1S,RABU,7:40-8:10,SN-ZAH
1S,RABU,8:10-8:40,SN-ZAH
1S,RABU,8:40-9:10,BI-AZU
1S,RABU,9:10-9:40,BI-AZU
1S,RABU,9:40-10:10,GEO-VIY
1S,RABU,10:30-11:00,GEO-VIY
1S,RABU,11:00-11:30,PIB-GAT
1S,RABU,11:30-12:00,PIB-GAT
1S,RABU,12:00-12:30,SEJ-FID
1S,RABU,12:30-1:00,SEJ-FID
1S,KHAMIS,7:40-8:10,SEJ-FID
1S,KHAMIS,8:10-8:40,SEJ-FID
1S,KHAMIS,8:40-9:10,PIB-GAT
1S,KHAMIS,9:10-9:40,PIB-GAT
1S,KHAMIS,9:40-10:10,MAT-AIL
1S,KHAMIS,10:30-11:00,MAT-AIL
1S,KHAMIS,11:00-11:30,RBT-RAN
1S,KHAMIS,11:30-12:00,RBT-RAN
1S,KHAMIS,12:00-12:30,SN-ZAH
1S,KHAMIS,12:30-1:00,SN-ZAH
1S,JUMAAT,7:45-8:15,BM-ZIE
1S,JUMAAT,8:15-8:45,BM-ZIE
1S,JUMAAT,8:45-9:15,PJ-EZA
1S,JUMAAT,9:15-9:45,PJ-EZA
1S,JUMAAT,10:05-10:35,MAT-AIL
1S,JUMAAT,10:35-11:05,MAT-AIL
1S,JUMAAT,11:05-11:35,PIB-GAT
1S,JUMAAT,11:35-12:05,PIB-GAT
1W,ISNIN,7:40-8:10,PP-SGS
1W,ISNIN,8:10-8:40,SEJ-FID
1W,ISNIN,8:40-9:10,SEJ-FID
1W,ISNIN,9:10-9:40,BA-FAL
1W,ISNIN,9:40-10:10,BA-FAL
1W,ISNIN,10:30-11:00,GEO-COO
1W,ISNIN,11:00-11:30,GEO-COO
1W,ISNIN,11:30-12:00,GEO-COO
1W,ISNIN,12:00-12:30,SN-RUN
1W,ISNIN,12:30-1:00,SN-RUN
1W,ISNIN,1:00-1:30,PAM-ZIL
1W,ISNIN,1:30-2:00,RBT-VIY
1W,ISNIN,2:00-2:30,RBT-VIY
1W,SELASA,7:40-8:10,BM-ZIE
1W,SELASA,8:10-8:40,BM-ZIE
1W,SELASA,8:40-9:10,BM-ZIE
1W,SELASA,9:10-9:40,BI-AZU
1W,SELASA,9:40-10:10,BI-AZU
1W,SELASA,10:30-11:00,PIB-ZIL
1W,SELASA,11:00-11:30,PIB-ZIL
1W,SELASA,11:30-12:00,SN-RUN
1W,SELASA,12:00-12:30,SN-RUN
1W,SELASA,12:30-1:00,SEJ-FID
1W,SELASA,1:00-1:30,SEJ-FID
1W,SELASA,1:30-2:00,KKQ-KHO
1W,SELASA,2:00-2:30,KKQ-KHO
1W,RABU,7:40-8:10,KKQ-KHO
1W,RABU,8:10-8:40,KKQ-KHO
1W,RABU,8:40-9:10,PJ-WAN
1W,RABU,9:10-9:40,PJ-WAN
1W,RABU,9:40-10:10,PIB-ZIL
1W,RABU,10:30-11:00,BI-AZU
1W,RABU,11:00-11:30,BI-AZU
1W,RABU,11:30-12:00,BM-ZIE
1W,RABU,12:00-12:30,BM-ZIE
1W,RABU,12:30-1:00,MAT-KIL
1W,RABU,1:00-1:30,MAT-KIL
1W,KHAMIS,7:40-8:10,MAT-KIL
1W,KHAMIS,8:10-8:40,MAT-KIL
1W,KHAMIS,8:40-9:10,PIB-ZIL
1W,KHAMIS,9:10-9:40,PIB-ZIL
1W,KHAMIS,9:40-10:10,KKQ-KHO
1W,KHAMIS,10:30-11:00,RBT-VIY
1W,KHAMIS,11:00-11:30,RBT-VIY
1W,KHAMIS,11:30-12:00,SN-RUN
1W,KHAMIS,12:00-12:30,SN-RUN
1W,KHAMIS,12:30-1:00,BM-ZIE
1W,KHAMIS,1:00-1:30,BM-ZIE
1W,KHAMIS,1:30-2:00,PJ-WAN
1W,KHAMIS,2:00-2:30,PJ-WAN
1W,JUMAAT,7:45-8:15,BA-FAL
1W,JUMAAT,8:15-8:45,BA-FAL
1W,JUMAAT,8:45-9:15,BA-FAL
1W,JUMAAT,9:15-9:45,MAT-KIL
1W,JUMAAT,10:05-10:35,MAT-KIL
1W,JUMAAT,10:35-11:05,PIB-ZIL
1W,JUMAAT,11:05-11:35,BI-AZU
1W,JUMAAT,11:35-12:05,BI-AZU
2B,ISNIN,7:40-8:10,PP-SGS
2B,ISNIN,8:10-8:40,SN-QIH
2B,ISNIN,8:40-9:10,SN-QIH
2B,ISNIN,9:10-9:40,BM-ROH
2B,ISNIN,9:40-10:10,BM-ROH
2B,ISNIN,10:30-11:00,BI-NOR
2B,ISNIN,11:00-11:30,BI-NOR
2B,ISNIN,11:30-12:00,BI-NOR
2B,ISNIN,12:00-12:30,MAT-FAZ
2B,ISNIN,12:30-1:00,MAT-FAZ
2B,ISNIN,1:00-1:30,PAM-FAL
2B,SELASA,7:40-8:10,SN-QIH
2B,SELASA,8:10-8:40,SN-QIH
2B,SELASA,8:40-9:10,BM-ROH
2B,SELASA,9:10-9:40,BM-ROH
2B,SELASA,9:40-10:10,BM-ROH
2B,SELASA,10:30-11:00,BI-NOR
2B,SELASA,11:00-11:30,BI-NOR
2B,SELASA,11:30-12:00,BI-NOR
2B,SELASA,12:00-12:30,PJ-RAN
2B,SELASA,12:30-1:00,PJ-RAN
2B,SELASA,1:00-1:30,PIB-FAL
2B,RABU,7:40-8:10,MAT-FAZ
2B,RABU,8:10-8:40,MAT-FAZ
2B,RABU,8:40-9:10,PIB-FAL
2B,RABU,9:10-9:40,BM-ROH
2B,RABU,9:40-10:10,BM-ROH
2B,RABU,10:30-11:00,GEO-RIE
2B,RABU,11:00-11:30,GEO-RIE
2B,RABU,11:30-12:00,GEO-RIE
2B,RABU,12:00-12:30,RBT-WAN
2B,RABU,12:30-1:00,RBT-WAN
2B,Khamis,7:40-8:10,PJ-RAN
2B,Khamis,8:10-8:40,PJ-RAN
2B,Khamis,8:40-9:10,PIB-FAL
2B,Khamis,9:10-9:40,PIB-FAL
2B,Khamis,9:40-10:10,MAT-FAZ
2B,Khamis,10:30-11:00,MAT-FAZ
2B,Khamis,11:00-11:30,RBT-WAN
2B,Khamis,11:30-12:00,RBT-WAN
2B,Khamis,12:00-12:30,PSB-AZI
2B,Khamis,12:30-1:00,PSB-AZI
2B,JUMAAT,7:45-8:15,SEJ-AIN
2B,JUMAAT,8:15-8:45,SEJ-AIN
2B,JUMAAT,8:45-9:15,SN-QIH
2B,JUMAAT,9:15-9:45,SN-QIH
2B,JUMAAT,10:05-10:35,SEJ-AIN
2B,JUMAAT,10:35-11:05,SEJ-AIN
2B,JUMAAT,11:05-11:35,PIB-FAL
2B,JUMAAT,11:35-12:05,PIB-FAL
2D,ISNIN,7:40-8:10,PP-SGS
2D,ISNIN,8:10-8:40,SEJ-AIN
2D,ISNIN,8:40-9:10,SEJ-AIN
2D,ISNIN,9:10-9:40,SN-QIH
2D,ISNIN,9:40-10:10,SN-QIH
2D,ISNIN,10:30-11:00,RBT_RIE
2D,ISNIN,11:00-11:30,RBT_RIE
2D,ISNIN,11:30-12:00,MAT-PAH
2D,ISNIN,12:00-12:30,MAT-PAH
2D,ISNIN,12:30-1:00,MAT-PAH
2D,ISNIN,1:00-1:30,PAM-GAT
2D,SELASA,7:40-8:10,SEJ-AIN
2D,SELASA,8:10-8:40,BI-NOR
2D,SELASA,8:40-9:10,BI-NOR
2D,SELASA,9:10-9:40,PJ-RAN
2D,SELASA,9:40-10:10,PJ-RAN
2D,SELASA,10:30-11:00,SN-QIH
2D,SELASA,11:00-11:30,SN-QIH
2D,SELASA,11:30-12:00,PIB-GAT
2D,SELASA,12:00-12:30,PIB-GAT
2D,SELASA,12:30-1:00,RBT_RIE
2D,SELASA,1:00-1:30,RBT_RIE
2D,RABU,7:40-8:10,PJ-RAN
2D,RABU,8:10-8:40,PJ-RAN
2D,RABU,8:40-9:10,MAT-PAH
2D,RABU,9:10-9:40,MAT-PAH
2D,RABU,9:40-10:10,MAT-PAH
2D,RABU,10:30-11:00,BI-NOR
2D,RABU,11:00-11:30,BI-NOR
2D,RABU,11:30-12:00,GEO-COO
2D,RABU,12:00-12:30,BM-HES
2D,RABU,12:30-1:00,BM-HES
2D,KHAMIS,7:40-8:10,SN-QIH
2D,KHAMIS,8:10-8:40,SN-QIH
2D,KHAMIS,8:40-9:10,SEJ-AIN
2D,KHAMIS,9:10-9:40,BM-HES
2D,KHAMIS,9:40-10:10,BM-HES
2D,KHAMIS,10:30-11:00,BM-HES
2D,KHAMIS,11:00-11:30,PSB-AZI
2D,KHAMIS,11:30-12:00,PSB-AZI
2D,KHAMIS,12:00-12:30,PIB-GAT
2D,KHAMIS,12:30-1:00,PIB-GAT
2D,JUMAAT,7:45-8:15,PIB-GAT
2D,JUMAAT,8:15-8:45,PIB-GAT
2D,JUMAAT,8:45-9:15,BI-NOR
2D,JUMAAT,9:15-9:45,BI-NOR
2D,JUMAAT,10:05-10:35,GEO-COO
2D,JUMAAT,10:35-11:05,GEO-COO
2D,JUMAAT,11:05-11:35,BM-HES
2D,JUMAAT,11:35-12:05,BM-HES
2S,ISNIN,7:40-8:10,PP-SGS
2S,ISNIN,8:10-8:40,PIB-GAT
2S,ISNIN,8:40-9:10,SN-RUN
2S,ISNIN,9:10-9:40,SN-RUN
2S,ISNIN,9:40-10:10,SN-RUN
2S,ISNIN,10:30-11:00,BM-JWA
2S,ISNIN,11:00-11:30,BM-JWA
2S,ISNIN,11:30-12:00,SEJ-ZIE
2S,ISNIN,12:00-12:30,SEJ-ZIE
2S,ISNIN,12:30-1:00,GEO-COO
2S,ISNIN,1:00-1:30,PAM-GAT
2S,SELASA,7:40-8:10,PIB-GAT
2S,SELASA,8:10-8:40,PIB-GAT
2S,SELASA,8:40-9:10,PIB-GAT
2S,SELASA,9:10-9:40,GEO-COO
2S,SELASA,9:40-10:10,GEO-COO
2S,SELASA,10:30-11:00,MZB-HES
2S,SELASA,11:00-11:30,MZB-HES
2S,SELASA,11:30-12:00,RBT-RIE
2S,SELASA,12:00-12:30,RBT-RIE
2S,SELASA,12:30-1:00,MAT-PAH
2S,SELASA,1:00-1:30,MAT-PAH
2S,RABU,7:40-8:10,PIB-GAT
2S,RABU,8:10-8:40,BI-NOR
2S,RABU,8:40-9:10,BI-NOR
2S,RABU,9:10-9:40,PJ-RAN
2S,RABU,9:40-10:10,PJ-RAN
2S,RABU,10:30-11:00,MAT-PAH
2S,RABU,11:00-11:30,MAT-PAH
2S,RABU,11:30-12:00,BM-JWA
2S,RABU,12:00-12:30,BM-JWA
2S,RABU,12:30-1:00,BM-JWA
2S,KHAMIS,7:40-8:10,SN-RUN
2S,KHAMIS,8:10-8:40,SN-RUN
2S,KHAMIS,8:40-9:10,SN-RUN
2S,KHAMIS,9:10-9:40,BI-NOR
2S,KHAMIS,9:40-10:10,BI-NOR
2S,KHAMIS,10:30-11:00,PIB-GAT
2S,KHAMIS,11:00-11:30,SEJ-ZIE
2S,KHAMIS,11:30-12:00,SEJ-ZIE
2S,KHAMIS,12:00-12:30,BM-JWA
2S,KHAMIS,12:30-1:00,BM-JWA
2S,KHAMIS,1:00-1:30,BM-JWA
2S,KHAMIS,1:30-2:00,PJ-WAN
2S,KHAMIS,2:00-2:30,PJ-WAN
2S,JUMAAT,7:45-8:15,RBT-RIE
2S,JUMAAT,8:15-8:45,RBT-RIE
2S,JUMAAT,8:45-9:15,MAT-PAH
2S,JUMAAT,9:15-9:45,MAT-PAH
2S,JUMAAT,10:05-10:35,BI-NOR
2S,JUMAAT,10:35-11:05,BI-NOR
2S,JUMAAT,11:05-11:35,PJ-RAN
2S,JUMAAT,11:35-12:05,PJ-RAN
2E,ISNIN,7:40-8:10,PP-SGS
2E,ISNIN,8:10-8:40,MAT-AIL
2E,ISNIN,8:40-9:10,MAT-AIL
2E,ISNIN,9:10-9:40,MAT-AIL
2E,ISNIN,9:40-10:10,PIB-GAT
2E,ISNIN,10:30-11:00,PIB-GAT
2E,ISNIN,11:00-11:30,BI-SOF
2E,ISNIN,11:30-12:00,BI-SOF
2E,ISNIN,12:00-12:30,PSB-AZI
2E,ISNIN,12:30-1:00,PSB-AZI
2E,ISNIN,1:00-1:30,PAM-GAT
2E,SELASA,7:40-8:10,SN-RUN
2E,SELASA,8:10-8:40,SN-RUN
2E,SELASA,8:40-9:10,RBT-RIE
2E,SELASA,9:10-9:40,RBT-RIE
2E,SELASA,9:40-10:10,SEJ-ZIE
2E,SELASA,10:30-11:00,PJ-KIL
2E,SELASA,11:00-11:30,PJ-KIL
2E,SELASA,11:30-12:00,GEO-COO
2E,SELASA,12:00-12:30,GEO-COO
2E,SELASA,12:30-1:00,BM-TIN
2E,SELASA,1:00-1:30,BM-TIN
2E,RABU,7:40-8:10,BM-TIN
2E,RABU,8:10-8:40,BM-TIN
2E,RABU,8:40-9:10,BM-TIN
2E,RABU,9:10-9:40,PIB-GAT
2E,RABU,9:40-10:10,PIB-GAT
2E,RABU,10:30-11:00,SN-RUN
2E,RABU,11:00-11:30,SN-RUN
2E,RABU,11:30-12:00,BI-SOF
2E,RABU,12:00-12:30,BI-SOF
2E,RABU,12:30-1:00,GEO-COO
2E,KHAMIS,7:40-8:10,RBT-RIE
2E,KHAMIS,8:10-8:40,RBT-RIE
2E,KHAMIS,8:40-9:10,MAT-AIL
2E,KHAMIS,9:10-9:40,MAT-AIL
2E,KHAMIS,9:40-10:10,SEJ-ZIE
2E,KHAMIS,10:30-11:00,BM-TIN
2E,KHAMIS,11:00-11:30,BM-TIN
2E,KHAMIS,11:30-12:00,MAT-AIL
2E,KHAMIS,12:00-12:30,BI-SOF
2E,KHAMIS,12:30-1:00,BI-SOF
2E,JUMAAT,7:45-8:15,PJ-RAN
2E,JUMAAT,8:15-8:45,PJ-RAN
2E,JUMAAT,8:45-9:15,SN-RUN
2E,JUMAAT,9:15-9:45,SN-RUN
2E,JUMAAT,10:05-10:35,PIB-GAT
2E,JUMAAT,10:35-11:05,PIB-GAT
2E,JUMAAT,11:05-11:35,SEJ-ZIE
2E,JUMAAT,11:35-12:05,SEJ-ZIE
2W,ISNIN,7:40-8:10,PP-SGS
2W,ISNIN,8:10-8:40,GEO-RIE
2W,ISNIN,8:40-9:10,GEO-RIE
2W,ISNIN,9:10-9:40,BM-JWA
2W,ISNIN,9:40-10:10,BM-JWA
2W,ISNIN,10:30-11:00,MAT-FAZ
2W,ISNIN,11:00-11:30,MAT-FAZ
2W,ISNIN,11:30-12:00,SEJ-AIN
2W,ISNIN,12:00-12:30,SEJ-AIN
2W,ISNIN,12:30-1:00,SEJ-AIN
2W,ISNIN,1:00-1:30,PAM-FAL
2W,ISNIN,1:30-2:00,RBT-WAN
2W,ISNIN,2:00-2:30,RBT-WAN
2W,SELASA,7:40-8:10,PJ-RAN
2W,SELASA,8:10-8:40,PJ-RAN
2W,SELASA,8:40-9:10,BM-JWA
2W,SELASA,9:10-9:40,BI-ITA
2W,SELASA,9:40-10:10,BI-ITA
2W,SELASA,10:30-11:00,MAT-FAZ
2W,SELASA,11:00-11:30,MAT-FAZ
2W,SELASA,11:30-12:00,BA-FAL
2W,SELASA,12:00-12:30,BA-FAL
2W,SELASA,12:30-1:00,RBT-WAN
2W,SELASA,1:00-1:30,RBT-WAN
2W,SELASA,1:30-2:00,PIB-FAL
2W,SELASA,2:00-2:30,PIB-FAL
2W,RABU,7:40-8:10,KKQ-KHO
2W,RABU,8:10-8:40,KKQ-KHO
2W,RABU,8:40-9:10,SN-RUN
2W,RABU,9:10-9:40,SN-RUN
2W,RABU,9:40-10:10,SEJ-AIN
2W,RABU,10:30-11:00,BA-FAL
2W,RABU,11:00-11:30,BA-FAL
2W,RABU,11:30-12:00,KKQ-KHO
2W,RABU,12:00-12:30,KKQ-KHO
2W,RABU,12:30-1:00,BA-FAL
2W,RABU,1:00-1:30,PIB-FAL
2W,KHAMIS,7:40-8:10,PIB-FAL
2W,KHAMIS,8:10-8:40,BI-ITA
2W,KHAMIS,8:40-9:10,BI-ITA
2W,KHAMIS,9:10-9:40,PJ-RAN
2W,KHAMIS,9:40-10:10,PJ-RAN
2W,KHAMIS,10:30-11:00,GEO-RIE
2W,KHAMIS,11:00-11:30,BM-JWA
2W,KHAMIS,11:30-12:00,BM-JWA
2W,KHAMIS,12:00-12:30,PIB-FAL
2W,KHAMIS,12:30-1:00,PIB-FAL
2W,KHAMIS,1:00-1:30,KKQ-KHO
2W,KHAMIS,1:30-2:00,SN-RUN
2W,KHAMIS,2:00-2:30,SN-RUN
2W,JUMAAT,7:45-8:15,MAT-FAZ
2W,JUMAAT,8:15-8:45,MAT-FAZ
2W,JUMAAT,8:45-9:15,BM-JWA
2W,JUMAAT,9:15-9:45,BM-JWA
2W,JUMAAT,10:05-10:35,BI-ITA
2W,JUMAAT,10:35-11:05,BI-ITA
2W,JUMAAT,11:05-11:35,SN-RUN
2W,JUMAAT,11:35-12:05,SN-RUN  
3B,ISNIN,7:40-8:10,PP-SGS
3B,ISNIN,8:10-8:40,BM-AIS
3B,ISNIN,8:40-9:10,BM-AIS
3B,ISNIN,9:10-9:40,MAT-ZAB
3B,ISNIN,9:40-10:10,MAT-ZAB
3B,ISNIN,10:30-11:00,SN-FAR
3B,ISNIN,11:00-11:30,SN-FAR
3B,ISNIN,11:30-12:00,BM-AIS
3B,ISNIN,12:00-12:30,BM-AIS
3B,ISNIN,12:30-1:00,PJ-ZAH
3B,ISNIN,1:00-1:30,PJ-ZAH
3B,SELASA,7:40-8:10,MAT-ZAB
3B,SELASA,8:10-8:40,MAT-ZAB
3B,SELASA,8:40-9:10,GEO-DIN
3B,SELASA,9:10-9:40,SEJ-ALA
3B,SELASA,9:40-10:10,SEJ-ALA
3B,SELASA,10:30-11:00,SN-FAR
3B,SELASA,11:00-11:30,SN-FAR
3B,SELASA,11:30-12:00,PIB-KHO
3B,SELASA,12:00-12:30,PIB-KHO
3B,SELASA,12:30-1:00,BI-VIV
3B,SELASA,1:00-1:30,PAM-KHO
3B,RABU,7:40-8:10,RBT-VIY
3B,RABU,8:10-8:40,RBT-VIY
3B,RABU,8:40-9:10,RBT-VIY
3B,RABU,9:10-9:40,GEO-DIN
3B,RABU,9:40-10:10,GEO-DIN
3B,RABU,10:30-11:00,BI-VIV
3B,RABU,11:00-11:30,BI-VIV
3B,RABU,11:30-12:00,BI-VIV
3B,RABU,12:00-12:30,MAT-ZAB
3B,RABU,12:30-1:00,MAT-ZAB
3B,KHAMIS,7:40-8:10,PIB-KHO
3B,KHAMIS,8:10-8:40,PIB-KHO
3B,KHAMIS,8:40-9:10,BM-AIS
3B,KHAMIS,9:10-9:40,BM-AIS
3B,KHAMIS,9:40-10:10,SEJ-ALA
3B,KHAMIS,10:30-11:00,PJ-ZAH
3B,KHAMIS,11:00-11:30,PJ-ZAH
3B,KHAMIS,11:30-12:00,RBT-VIY
3B,KHAMIS,12:00-12:30,PSB-ITI
3B,KHAMIS,12:30-1:00,PSB-ITI
3B,JUMAAT,7:45-8:15,SEJ-ALA
3B,JUMAAT,8:15-8:45,SN-FAR
3B,JUMAAT,8:45-9:15,SN-FAR
3B,JUMAAT,9:15-9:45,BM-AIS
3B,JUMAAT,10:05-10:35,BI-VIV
3B,JUMAAT,10:35-11:05,BI-VIV
3B,JUMAAT,11:05-11:35,PIB-KHO
3B,JUMAAT,11:35-12:05,PIB-KHO
3D,ISNIN,7:40-8:10,PP-SGS
3D,ISNIN,8:10-8:40,BI-VIV
3D,ISNIN,8:40-9:10,BI-VIV
3D,ISNIN,9:10-9:40,SEJ-FIR
3D,ISNIN,9:40-10:10,SEJ-FIR
3D,ISNIN,10:30-11:00,BM-EZA
3D,ISNIN,11:00-11:30,BM-EZA
3D,ISNIN,11:30-12:00,PJ-ZAH
3D,ISNIN,12:00-12:30,PJ-ZAH
3D,ISNIN,12:30-1:00,PIB-KHO
3D,ISNIN,1:00-1:30,PIB-KHO
3D,SELASA,7:40-8:10,GEO-COO
3D,SELASA,8:10-8:40,GEO-COO
3D,SELASA,8:40-9:10,PIB-KHO
3D,SELASA,9:10-9:40,BI-VIV
3D,SELASA,9:40-10:10,BI-VIV
3D,SELASA,10:30-11:00,PSB-ITI
3D,SELASA,11:00-11:30,PSB-ITI
3D,SELASA,11:30-12:00,SN-FUL
3D,SELASA,12:00-12:30,SN-FUL
3D,SELASA,12:30-1:00,BM-EZA
3D,SELASA,1:00-1:30,PAM-KHO
3D,RABU,7:40-8:10,RBT-RIE
3D,RABU,8:10-8:40,RBT-RIE
3D,RABU,8:40-9:10,MAT-ZAB
3D,RABU,9:10-9:40,MAT-ZAB
3D,RABU,9:40-10:10,MAT-ZAB
3D,RABU,10:30-11:00,SN-FUL
3D,RABU,11:00-11:30,SN-FUL
3D,RABU,11:30-12:00,BM-EZA
3D,RABU,12:00-12:30,BM-EZA
3D,RABU,12:30-1:00,PIB-KHO
3D,KHAMIS,7:40-8:10,BI-VIV
3D,KHAMIS,8:10-8:40,BI-VIV
3D,KHAMIS,8:40-9:10,GEO-COO
3D,KHAMIS,9:10-9:40,RBT-RIE
3D,KHAMIS,9:40-10:10,RBT-RIE
3D,KHAMIS,10:30-11:00,SN-FUL
3D,KHAMIS,11:00-11:30,SN-FUL
3D,KHAMIS,11:30-12:00,BM-EZA
3D,KHAMIS,12:00-12:30,BM-EZA
3D,KHAMIS,12:30-1:00,MAT-ZAB
3D,JUMAAT,7:45-8:15,PJ-ZAH
3D,JUMAAT,8:15-8:45,PJ-ZAH
3D,JUMAAT,8:45-9:15,PIB-KHO
3D,JUMAAT,9:15-9:45,PIB-KHO
3D,JUMAAT,10:05-10:35,MAT-ZAB
3D,JUMAAT,10:35-11:05,MAT-ZAB
3D,JUMAAT,11:05-11:35,SEJ-FIR
3D,JUMAAT,11:35-12:05,SEJ-FIR
3S,ISNIN,7:40-8:10,PP-SGS
3S,ISNIN,8:10-8:40,GEO-COO
3S,ISNIN,8:40-9:10,GEO-COO
3S,ISNIN,9:10-9:40,BM-TIN
3S,ISNIN,9:40-10:10,BM-TIN
3S,ISNIN,10:30-11:00,MZ-HES
3S,ISNIN,11:00-11:30,MZ-HES
3S,ISNIN,11:30-12:00,MAT-ZAB
3S,ISNIN,12:00-12:30,MAT-ZAB
3S,ISNIN,12:30-1:00,SN-QIH
3S,ISNIN,1:00-1:30,SN-QIH
3S,SELASA,7:40-8:10,BI-VIV
3S,SELASA,8:10-8:40,BI-VIV
3S,SELASA,8:40-9:10,BM-TIN
3S,SELASA,9:10-9:40,BM-TIN
3S,SELASA,9:40-10:10,BM-TIN
3S,SELASA,10:30-11:00,MAT-ZAB
3S,SELASA,11:00-11:30,MAT-ZAB
3S,SELASA,11:30-12:00,PJ-QIH
3S,SELASA,12:00-12:30,PJ-QIH
3S,SELASA,12:30-1:00,GEO-COO
3S,SELASA,1:00-1:30,PAM-CHE
3S,RABU,7:40-8:10,SEJ-FIR
3S,RABU,8:10-8:40,SEJ-FIR
3S,RABU,8:40-9:10,RBT-RIE
3S,RABU,9:10-9:40,BI-VIV
3S,RABU,9:40-10:10,BI-VIV
3S,RABU,10:30-11:00,PIB-CHE
3S,RABU,11:00-11:30,PIB-CHE
3S,RABU,11:30-12:00,PIB-CHE
3S,RABU,12:00-12:30,SN-QIH
3S,RABU,12:30-1:00,SN-QIH
3S,KHAMIS,7:40-8:10,BM-TIN
3S,KHAMIS,8:10-8:40,BM-TIN
3S,KHAMIS,8:40-9:10,PJ-ZAH
3S,KHAMIS,9:10-9:40,PJ-ZAH
3S,KHAMIS,9:40-10:10,PIB-CHE
3S,KHAMIS,10:30-11:00,MAT-ZAB
3S,KHAMIS,11:00-11:30,MAT-ZAB
3S,KHAMIS,11:30-12:00,RBT-RIE
3S,KHAMIS,12:00-12:30,RBT-RIE
3S,KHAMIS,12:30-1:00,RBT-RIE
3S,JUMAAT,7:45-8:15,SEJ-FIR
3S,JUMAAT,8:15-8:45,SEJ-FIR
3S,JUMAAT,8:45-9:15,BI-VIV
3S,JUMAAT,9:15-9:45,BI-VIV
3S,JUMAAT,10:05-10:35,PIB-CHE
3S,JUMAAT,10:35-11:05,PIB-CHE
3S,JUMAAT,11:05-11:35,SN-QIH
3S,JUMAAT,11:35-12:05,SN-QIH
3W, ISNIN,7:40-8:10,PP-SGS
3W, ISNIN,8:10-8:40,RBT-AZI
3W, ISNIN,8:40-9:10,RBT-AZI
3W, ISNIN,9:10-9:40,MAT-PAH
3W, ISNIN,9:40-10:10,MAT-PAH
3W, ISNIN,10:30-11:00,SEJ-ALA
3W, ISNIN,11:00-11:30,SEJ-ALA
3W, ISNIN,11:30-12:00,BI-ITA
3W, ISNIN,12:00-12:30,BI-ITA
3W, ISNIN,12:30-1:00,PIB-CHE
3W, ISNIN,1:00-1:30,PIB-CHE
3W, ISNIN,1:30-2:00,BA-FAL
3W, ISNIN,2:00-2:30,BA-FAL
3W, SELASA,7:40-8:10,KKQ-KHO
3W, SELASA,8:10-8:40,MAT-PAH
3W, SELASA,8:40-9:10,MAT-PAH
3W, SELASA,9:10-9:40,SN-FAR
3W, SELASA,9:40-10:10,SN-FAR
3W, SELASA,10:30-11:00,BM-AIS
3W, SELASA,11:00-11:30,BM-AIS
3W, SELASA,11:30-12:00,BM-AIS
3W, SELASA,12:00-12:30,BI-ITA
3W, SELASA,12:30-1:00,BI-ITA
3W, SELASA,1:00-1:30,PAM-CHE
3W, SELASA,1:30-2:00,PIB-CHE
3W, SELASA,2:00-2:30,PIB-CHE
3W, RABU,7:40-8:10,KKQ-KHO
3W, RABU,8:10-8:40,KKQ-KHO
3W, RABU,8:40-9:10,PJ-FUL
3W, RABU,9:10-9:40,PJ-FUL
3W, RABU,9:40-10:10,SN-FAR
3W, RABU,10:30-11:00,SN-FAR
3W, RABU,11:00-11:30,BM-AIS
3W, RABU,11:30-12:00,GEO-DIN
3W, RABU,12:00-12:30,BA-FAL
3W, RABU,12:30-1:00,BI-ITA
3W, RABU,1:00-1:30,BI-ITA
3W, KHAMIS,7:40-8:10,BM-AIS
3W, KHAMIS,8:10-8:40,SN-FAR
3W, KHAMIS,8:40-9:10,SN-FAR
3W, KHAMIS,9:10-9:40,GEO-DIN
3W, KHAMIS,9:40-10:10,GEO-DIN
3W, KHAMIS,10:30-11:00,BA-FAL
3W, KHAMIS,11:00-11:30,BA-FAL
3W, KHAMIS,11:30-12:00,KKQ-KHO
3W, KHAMIS,12:00-12:30,KKQ-KHO
3W, KHAMIS,12:30-1:00,BM-AIS
3W, KHAMIS,1:00-1:30,BM-AIS
3W, KHAMIS,1:30-2:00,PIB-CHE
3W, KHAMIS,2:00-2:30,PIB-CHE
3W, JUMAAT,7:45-8:15,RBT-AZI
3W, JUMAAT,8:15-8:45,RBT-AZI
3W, JUMAAT,8:45-9:15,SEJ-ALA
3W, JUMAAT,9:15-9:45,SEJ-ALA
3W, JUMAAT,10:05-10:35,MAT-PAH
3W, JUMAAT,10:35-11:05,MAT-PAH
3W, JUMAAT,11:05-11:35,PJ-FUL
3W, JUMAAT,11:35-12:05,PJ-FUL
4AC, ISNIN,7:40-8:10,PP-SGS
4AC, ISNIN,8:10-8:40,BI-YUR
4AC, ISNIN,8:40-9:10,BI-YUR
4AC, ISNIN,9:10-9:40,SN-MIZ
4AC, ISNIN,9:40-10:10,SN-MIZ
4AC, ISNIN,10:10-10:40,TS-CHE
4AC, ISNIN,11:00-11:30,TS-CHE
4AC, ISNIN,11:30-12:00,TS-CHE
4AC, ISNIN,12:00-12:30,BM-FAD
4AC, ISNIN,12:30-1:00,PA-LIZ
4AC, ISNIN,1:00-1:30,PA-LIZ
4AC, ISNIN,1:30-2:00,PA-LIZ
4AC, ISNIN,2:00-2:30,PA-LIZ
4AC, SELASA,7:40-8:10,PJ-SOF
4AC, SELASA,8:10-8:40,PJ-SOF
4AC, SELASA,8:40-9:10,MAT-FAZ
4AC, SELASA,9:10-9:40,MAT-FAZ
4AC, SELASA,9:40-10:10,BM-FAD
4AC, SELASA,10:10-10:40,BM-FAD
4AC, SELASA,11:00-11:30,PNG-LIZ
4AC, SELASA,11:30-12:00,SN-MIZ
4AC, SELASA,12:00-12:30,SN-MIZ
4AC, SELASA,12:30-1:00,BI-YUR
4AC, SELASA,1:00-1:30,BI-YUR
4AC, SELASA,1:30-2:00,SEJ-FIR
4AC, SELASA,2:00-2:30,SEJ-FIR
4AC, RABU,7:40-8:10,PA-LIZ
4AC, RABU,8:10-8:40,PA-LIZ
4AC, RABU,8:40-9:10,SEJ-FIR
4AC, RABU,9:10-9:40,SEJ-FIR
4AC, RABU,9:40-10:10,PIA-NAI
4AC, RABU,10:10-10:40,PIA-NAI
4AC, RABU,11:00-11:30,BM-FAD
4AC, RABU,11:30-12:00,BM-FAD
4AC, RABU,12:00-12:30,MAT-FAZ
4AC, RABU,12:30-1:00,MAT-FAZ
4AC, KHAMIS,7:40-8:10,BI-YUR
4AC, KHAMIS,8:10-8:40,BI-YUR
4AC, KHAMIS,8:40-9:10,PNG-LIZ
4AC, KHAMIS,9:10-9:40,PNG-LIZ
4AC, KHAMIS,9:40-10:10,SN-MIZ
4AC, KHAMIS,10:10-10:40,SN-MIZ
4AC, KHAMIS,11:00-11:30,PIA-NAI
4AC, KHAMIS,11:30-12:00,TS-CHE
4AC, KHAMIS,12:00-12:30,TS-CHE
4AC, KHAMIS,12:30-1:00,MAT-FAZ
4AC, KHAMIS,1:00-1:30,MAT-FAZ
4AC, KHAMIS,1:30-2:00,PAM-NAI
4AC, JUMAAT,7:45-8:15,PNG-LIZ
4AC, JUMAAT,8:15-8:45,PNG-LIZ
4AC, JUMAAT,8:45-9:15,BM-FAD
4AC, JUMAAT,9:15-9:45,BM-FAD
4AC, JUMAAT,9:45-10:15,PIA-NAI
4AC, JUMAAT,10:35-11:05,PIA-NAI
4AC, JUMAAT,11:05-11:35,PJ-SOF
4AC, JUMAAT,11:35-12:05,PJ-SOF
4ART,ISNIN,7:40-8:10,PP-SGS
4ART,ISNIN,8:10-8:40,PIA-NAI
4ART,ISNIN,8:40-9:10,PAM-NAI
4ART,ISNIN,9:10-9:40,TS-HAI
4ART,ISNIN,9:40-10:10,BM-FAD
4ART,ISNIN,10:10-10:40,BM-FAD
4ART,ISNIN,11:00-11:30,BM-FAD
4ART,ISNIN,11:30-12:00,SEJ-FIR
4ART,ISNIN,12:00-12:30,SEJ-FIR
4ART,ISNIN,12:30-1:00,SN-MIZ
4ART,ISNIN,1:00-1:30,SN-MIZ
4ART,SELASA,7:40-8:10,PSV-ALA
4ART,SELASA,8:10-8:40,PSV-ALA
4ART,SELASA,8:40-9:10,SN-MIZ
4ART,SELASA,9:10-9:40,SN-MIZ
4ART,SELASA,9:40-10:10,PIA-NAI
4ART,SELASA,10:10-10:40,PIA-NAI
4ART,SELASA,11:00-11:30,BI-YUR
4ART,SELASA,11:30-12:00,BI-YUR
4ART,SELASA,12:00-12:30,MAT-ZUN
4ART,SELASA,12:30-1:00,MAT-ZUN
4ART,SELASA,1:00-1:30,SEJ-FIR
4ART,RABU,7:40-8:10,BM-FAD
4ART,RABU,8:10-8:40,BM-FAD
4ART,RABU,8:40-9:10,PJ-AZI
4ART,RABU,9:10-9:40,PJ-AZI
4ART,RABU,9:40-10:10,BI-YUR
4ART,RABU,10:10-10:40,BI-YUR
4ART,RABU,11:00-11:30,MAT-ZUN
4ART,RABU,11:30-12:00,MAT-ZUN
4ART,RABU,12:00-12:30,TS-HAI
4ART,RABU,12:30-1:00,TS-HAI
4ART,KHAMIS,7:40-8:10,SN-MIZ
4ART,KHAMIS,8:10-8:40,SN-MIZ
4ART,KHAMIS,8:40-9:10,SEJ-FIR
4ART,KHAMIS,9:10-9:40,PJ-AZI
4ART,KHAMIS,9:40-10:10,PJ-AZI
4ART,KHAMIS,10:10-10:40,TS-HAI
4ART,KHAMIS,11:00-11:30,BM-FAD
4ART,KHAMIS,11:30-12:00,BM-FAD
4ART,KHAMIS,12:00-12:30,PSV-ALA
4ART,KHAMIS,12:30-1:00,PSV-ALA
4ART,KHAMIS,1:00-1:30,PSV-ALA
4ART,KHAMIS,1:30-2:00,PAM-NAI
4ART,JUMAAT,7:45-8:15,PIA-NAI
4ART,JUMAAT,8:15-8:45,PIA-NAI
4ART,JUMAAT,8:45-9:15,TS-HAI
4ART,JUMAAT,9:15-9:45,TS-HAI
4ART,JUMAAT,9:45-10:15,MAT-ZUN
4ART,JUMAAT,10:35-11:05,MAT-ZUN
4ART,JUMAAT,11:05-11:35,BI-YUR
4ART,JUMAAT,11:35-12:05,BI-YUR
4DG,ISNIN,7:40-8:10,PP-SGS
4DG,ISNIN,8:10-8:40,PRT-TUN
4DG,ISNIN,8:40-9:10,PRT-TUN
4DG,ISNIN,9:10-9:40,PRT-TUN
4DG,ISNIN,9:40-10:10,MAT-SAF
4DG,ISNIN,10:10-10:40,MAT-SAF
4DG,ISNIN,11:00-11:30,BM-LAH
4DG,ISNIN,11:30-12:00,BM-LAH
4DG,ISNIN,12:00-12:30,SEJ-ITI
4DG,ISNIN,12:30-1:00,SN-MIZ
4DG,ISNIN,1:00-1:30,SN-MIZ
4DG,ISNIN,1:30-2:00,SEJ-ITI
4DG,ISNIN,2:00-2:30,SEJ-ITI
4DG,SELASA,7:40-8:10,BI-JAN
4DG,SELASA,8:10-8:40,BI-JAN
4DG,SELASA,8:40-9:10,SN-MIZ
4DG,SELASA,9:10-9:40,SN-MIZ
4DG,SELASA,9:40-10:10,PIA-HAI
4DG,SELASA,10:10-10:40,PIA-HAI
4DG,SELASA,11:00-11:30,PJ-SOF
4DG,SELASA,11:30-12:00,PJ-SOF
4DG,SELASA,12:00-12:30,PRT-TUN
4DG,SELASA,12:30-1:00,PRT-TUN
4DG,SELASA,1:00-1:30,PRT-TUN
4DG,SELASA,1:30-2:00,PRT-TUN
4DG,SELASA,2:00-2:30,PRT-TUN
4DG,RABU,7:40-8:10,PJ-SOF
4DG,RABU,8:10-8:40,PJ-SOF
4DG,RABU,8:40-9:10,PRT-TUN
4DG,RABU,9:10-9:40,PRT-TUN
4DG,RABU,9:40-10:10,PRT-TUN
4DG,RABU,10:10-10:40,PRT-TUN
4DG,RABU,11:00-11:30,BM-LAH
4DG,RABU,11:30-12:00,BM-LAH
4DG,RABU,12:00-12:30,MAT-SAF
4DG,RABU,12:30-1:00,MAT-SAF
4DG,KHAMIS,7:40-8:10,SN-MIZ
4DG,KHAMIS,8:10-8:40,SN-MIZ
4DG,KHAMIS,8:40-9:10,PIA-HAI
4DG,KHAMIS,9:10-9:40,PIA-HAI
4DG,KHAMIS,9:40-10:10,BM-LAH
4DG,KHAMIS,10:10-10:40,BM-LAH
4DG,KHAMIS,11:00-11:30,BI-JAN
4DG,KHAMIS,11:30-12:00,BI-JAN
4DG,KHAMIS,12:00-12:30,PRT-TUN
4DG,KHAMIS,12:30-1:00,PRT-TUN
4DG,KHAMIS,1:00-1:30,PRT-TUN
4DG,KHAMIS,1:30-2:00,PAM-HAI
4DG,JUMAAT,7:45-8:15,BI-JAN
4DG,JUMAAT,8:15-8:45,BI-JAN
4DG,JUMAAT,8:45-9:15,SEJ-ITI
4DG,JUMAAT,9:15-9:45,PRT-TUN
4DG,JUMAAT,9:45-10:15,PIA-HAI
4DG,JUMAAT,10:35-11:05,MAT-SAF
4DG,JUMAAT,11:05-11:35,MAT-SAF
4DG,JUMAAT,11:35-12:05,BM-LAH
4EC,ISNIN,7:40-8:10,PP-SGS
4EC,ISNIN,8:10-8:40,EA-LAH
4EC,ISNIN,8:40-9:10,EA-LAH
4EC,ISNIN,9:10-9:40,SEJ-ITI
4EC,ISNIN,9:40-10:10,BI-JAN
4EC,ISNIN,10:10-10:40,BI-JAN
4EC,ISNIN,11:00-11:30,SN-MIZ
4EC,ISNIN,11:30-12:00,SN-MIZ
4EC,ISNIN,12:00-12:30,BM-LAH
4EC,ISNIN,12:30-1:00,SRT-EZA
4EC,ISNIN,1:00-1:30,SRT-EZA
4EC,ISNIN,1:30-2:00,PSV-ALA
4EC,ISNIN,2:00-2:30,PSV-ALA
4EC,SELASA,7:40-8:10,EA-LAH
4EC,SELASA,8:10-8:40,EA-LAH
4EC,SELASA,8:40-9:10,MAT-ZUN
4EC,SELASA,9:10-9:40,MAT-ZUN
4EC,SELASA,9:40-10:10,SN-MIZ
4EC,SELASA,10:10-10:40,SN-MIZ
4EC,SELASA,11:00-11:30,PIA-NAI
4EC,SELASA,11:30-12:00,PIA-NAI
4EC,SELASA,12:00-12:30,EA-LAH
4EC,SELASA,12:30-1:00,BM-LAH
4EC,SELASA,1:00-1:30,BM-LAH
4EC,SELASA,1:30-2:00,BI-JAN
4EC,SELASA,2:00-2:30,BI-JAN
4EC,RABU,7:40-8:10,SEJ-ITI
4EC,RABU,8:10-8:40,SEJ-ITI
4EC,RABU,8:40-9:10,PJ-SOF
4EC,RABU,9:10-9:40,PJ-SOF
4EC,RABU,9:40-10:10,SRT-EZA
4EC,RABU,10:10-10:40,SRT-EZA
4EC,RABU,11:00-11:30,PSV-ALA
4EC,RABU,11:30-12:00,PSV-ALA
4EC,RABU,12:00-12:30,PIA-NAI
4EC,RABU,12:30-1:00,PIA-NAI
4EC,RABU,1:00-1:30,MAT-ZUN
4EC,RABU,1:30-2:00,MAT-ZUN
4EC,KHAMIS,7:40-8:10,SRT-EZA
4EC,KHAMIS,8:10-8:40,SRT-EZA
4EC,KHAMIS,8:40-9:10,PIA-NAI
4EC,KHAMIS,9:10-9:40,PJ-SOF
4EC,KHAMIS,9:40-10:10,PJ-SOF
4EC,KHAMIS,10:10-10:40,SEJ-ITI
4EC,KHAMIS,11:00-11:30,MAT-ZUN
4EC,KHAMIS,11:30-12:00,MAT-ZUN
4EC,KHAMIS,12:00-12:30,BM-LAH
4EC,KHAMIS,12:30-1:00,BM-LAH
4EC,KHAMIS,1:00-1:30,BM-LAH
4EC,KHAMIS,1:30-2:00,PAM-NAI
4EC,JUMAAT,7:45-8:15,MAT-ZUN
4EC,JUMAAT,8:15-8:45,MAT-ZUN
4EC,JUMAAT,8:45-9:15,BM-LAH
4EC,JUMAAT,9:15-9:45,BI-JAN
4EC,JUMAAT,9:45-10:15,BI-JAN
4EC,JUMAAT,10:35-11:05,EA-LAH
4EC,JUMAAT,11:05-11:35,SN-MIZ
4EC,JUMAAT,11:35-12:05,SN-MIZ
4PV,ISNIN,7:40-8:10,PP-SGS
4PV,ISNIN,8:10-8:40,PEM-SAI
4PV,ISNIN,8:40-9:10,PEM-SAI
4PV,ISNIN,9:10-9:40,TMN-FAH
4PV,ISNIN,9:40-10:10,TMN-FAH
4PV,ISNIN,10:10-10:40,TMN-FAH
4PV,ISNIN,11:00-11:30,TMN-FAH
4PV,ISNIN,11:30-12:00,TMN-FAH
4PV,ISNIN,12:00-12:30,TMN-FAH
4PV,ISNIN,12:30-1:00,TMN-FAH
4PV,ISNIN,1:00-1:30,BI-YUR
4PV,ISNIN,1:30-2:00,BI-YUR
4PV,ISNIN,2:00-2:30,MEM-SAF
4PV,ISNIN,2:30-3:00,MEM-SAF
4PV,SELASA,7:40-8:10,SEJ-ITI
4PV,SELASA,8:10-8:40,SEJ-ITI
4PV,SELASA,8:40-9:10,TMN-FAH
4PV,SELASA,9:10-9:40,TMN-FAH
4PV,SELASA,9:40-10:10,TMN-FAH
4PV,SELASA,10:10-10:40,TMN-FAH
4PV,SELASA,11:00-11:30,PEM-SAI
4PV,SELASA,11:30-12:00,PEM-SAI
4PV,SELASA,12:00-12:30,TMN-FAH
4PV,SELASA,12:30-1:00,TMN-FAH
4PV,SELASA,1:00-1:30,TMN-FAH
4PV,SELASA,1:30-2:00,TMN-FAH
4PV,SELASA,2:00-2:30,TMN-FAH
4PV,SELASA,2:30-3:00,SEJ-ITI
4PV,RABU,7:40-8:10,BM-NAZ
4PV,RABU,8:10-8:40,BM-NAZ
4PV,RABU,8:40-9:10,TMN-FAH
4PV,RABU,9:10-9:40,TMN-FAH
4PV,RABU,9:40-10:10,TMN-FAH
4PV,RABU,10:10-10:40,TMN-FAH
4PV,RABU,11:00-11:30,BM-NAZ
4PV,RABU,11:30-12:00,BM-NAZ
4PV,RABU,12:00-12:30,TMN-FAH
4PV,RABU,12:30-1:00,TMN-FAH
4PV,RABU,1:00-1:30,TMN-FAH
4PV,RABU,1:30-2:00,TMN-FAH
4PV,RABU,2:00-2:30,TMN-FAH
4PV,RABU,2:30-3:00,SEJ-ITI
4PV,RABU,3:00-3:30,SEJ-ITI
4PV,KHAMIS,7:40-8:10,BM-NAZ
4PV,KHAMIS,8:10-8:40,BM-NAZ
4PV,KHAMIS,8:40-9:10,TMN-FAH
4PV,KHAMIS,9:10-9:40,TMN-FAH
4PV,KHAMIS,9:40-10:10,BI-YUR
4PV,KHAMIS,10:10-10:40,BI-YUR
4PV,KHAMIS,11:00-11:30,MEM-SAF
4PV,KHAMIS,11:30-12:00,TS-CHE
4PV,KHAMIS,12:00-12:30,TS-CHE
4PV,KHAMIS,12:30-1:00,MAT-FAH
4PV,KHAMIS,1:00-1:30,MAT-FAH
4PV,KHAMIS,1:30-2:00,PAM-SAI
4PV,KHAMIS,2:00-2:30,TMN-FAH
4PV,KHAMIS,2:30-3:00,TMN-FAH
4PV,JUMAAT,7:45-8:15,BI-YUR
4PV,JUMAAT,8:15-8:45,BI-YUR
4PV,JUMAAT,8:45-9:15,TMN-FAH
4PV,JUMAAT,9:15-9:45,TMN-FAH
4PV,JUMAAT,9:45-10:15,PIA-NAI
4PV,JUMAAT,10:05-10:35,TMN-FAH
4PV,JUMAAT,10:35-11:05,TMN-FAH
4PV,JUMAAT,11:05-11:35,TMN-FAH
4PV,JUMAAT,11:35-12:05,TMN-FAH
4SN, ISNIN, 7:40-8:10, PP-SGS
4SN, ISNIN, 8:10-8:40, GKT-ZAH
4SN, ISNIN, 8:40-9:10, GKT-ZAH
4SN, ISNIN, 9:10-9:40, GKT-ZAH
4SN, ISNIN, 9:40-10:10, MT-ZUN
4SN, ISNIN, 10:10-10:40, MT-ZUN
4SN, ISNIN, 11:00-11:30, BI-JAN
4SN, ISNIN, 11:30-12:00, BI-JAN
4SN, ISNIN, 12:00-12:30, KIM-ZIA
4SN, ISNIN, 12:30-1:00, KIM-ZIA
4SN, ISNIN, 1:00-1:30, KIM-ZIA
4SN, ISNIN, 1:30-2:00, BM-NAZ
4SN, ISNIN, 2:00-2:30, BM-NAZ
4SN, SELASA, 7:40-8:10, PJ-AZI
4SN, SELASA, 8:10-8:40, PJ-AZI
4SN, SELASA, 8:40-9:10, BM-NAZ
4SN, SELASA, 9:10-9:40, BM-NAZ
4SN, SELASA, 9:40-10:10, BM-NAZ
4SN, SELASA, 10:10-10:40, SEJ-FIR
4SN, SELASA, 11:00-11:30, SEJ-FIR
4SN, SELASA, 11:30-12:00, MAT-AWA
4SN, SELASA, 12:00-12:30, MAT-AWA
4SN, SELASA, 12:30-1:00, PIA-SAI
4SN, SELASA, 1:00-1:30, PIA-SAI
4SN, SELASA, 1:30-2:00, MT-ZUN
4SN, SELASA, 2:00-2:30, MT-ZUN
4SN, RABU, 7:40-8:10, KIM-ZIA
4SN, RABU, 8:10-8:40, KIM-ZIA
4SN, RABU, 8:40-9:10, FIZ-QIH
4SN, RABU, 9:10-9:40, FIZ-QIH
4SN, RABU, 9:40-10:10, BI-JAN
4SN, RABU, 10:10-10:40, BI-JAN
4SN, RABU, 11:00-11:30, PIA-SAI
4SN, RABU, 11:30-12:00, PIA-SAI
4SN, RABU, 12:00-12:30, MT-ZUN
4SN, RABU, 12:30-1:00, MT-ZUN
4SN, KHAMIS, 7:40-8:10, SEJ-FIR
4SN, KHAMIS, 8:10-8:40, SEJ-FIR
4SN, KHAMIS, 8:40-9:10, MAT-AWA
4SN, KHAMIS, 9:10-9:40, MAT-AWA
4SN, KHAMIS, 9:40-10:10, BM-NAZ
4SN, KHAMIS, 10:10-10:40, BM-NAZ
4SN, KHAMIS, 11:00-11:30, FIZ-QIH
4SN, KHAMIS, 11:30-12:00, FIZ-QIH
4SN, KHAMIS, 12:00-12:30, FIZ-QIH
4SN, KHAMIS, 12:30-1:00, BI-JAN
4SN, KHAMIS, 1:00-1:30, BI-JAN
4SN, KHAMIS, 1:30-2:00, PAM-SAI
4SN, JUMAAT, 7:45-8:15, MAT-AWA
4SN, JUMAAT, 8:15-8:45, MAT-AWA
4SN, JUMAAT, 8:45-9:15, PIA-SAI
4SN, JUMAAT, 9:15-9:45, GKT-ZAH
4SN, JUMAAT, 9:45-10:15, GKT-ZAH
4SN, JUMAAT, 10:35-11:05, GKT-ZAH
4SN, JUMAAT, 11:05-11:35, PJ-AZI
4SN, JUMAAT, 11:35-12:05, PJ-AZI
5AC, ISNIN, 7:40-8:10, PP-SGS
5AC, ISNIN, 8:10-8:40, PNG-LIZ
5AC, ISNIN, 8:40-9:10, PNG-LIZ
5AC, ISNIN, 9:10-9:40, SN-ZIA
5AC, ISNIN, 9:40-10:10, SN-ZIA
5AC, ISNIN, 10:10-10:40, SN-ZIA
5AC, ISNIN, 11:00-11:30, BI-YUR
5AC, ISNIN, 11:30-12:00, BI-YUR
5AC, ISNIN, 12:00-12:30, BM-FID
5AC, ISNIN, 12:30-1:00, BM-FID
5AC, ISNIN, 1:00-1:30, MAT-AWA
5AC, ISNIN, 1:30-2:00, MAT-AWA
5AC, SELASA, 7:40-8:10, PJ-FUL
5AC, SELASA, 8:10-8:40, PJ-FUL
5AC, SELASA, 8:40-9:10, PNG-LIZ
5AC, SELASA, 9:10-9:40, PNG-LIZ
5AC, SELASA, 9:40-10:10, BI-YUR
5AC, SELASA, 10:10-10:40, BI-YUR
5AC, SELASA, 11:00-11:30, SEJ-DIN
5AC, SELASA, 11:30-12:00, SEJ-DIN
5AC, SELASA, 12:00-12:30, SN-ZIA
5AC, SELASA, 12:30-1:00, PA-LIZ
5AC, SELASA, 1:00-1:30, PA-LIZ
5AC, RABU, 7:40-8:10, BI-YUR
5AC, RABU, 8:10-8:40, BI-YUR
5AC, RABU, 8:40-9:10, MAT-AWA
5AC, RABU, 9:10-9:40, MAT-AWA
5AC, RABU, 9:40-10:10, PIA-HAI
5AC, RABU, 10:10-10:40, PIA-HAI
5AC, RABU, 11:00-11:30, PNG-LIZ
5AC, RABU, 11:30-12:00, PNG-LIZ
5AC, RABU, 12:00-12:30, PA-LIZ
5AC, RABU, 12:30-1:00, PA-LIZ
5AC, RABU, 1:00-1:30, PA-LIZ
5AC, KHAMIS, 7:40-8:10, PJ-FUL
5AC, KHAMIS, 8:10-8:40, PJ-FUL
5AC, KHAMIS, 8:40-9:10, BM-FID
5AC, KHAMIS, 9:10-9:40, BM-FID
5AC, KHAMIS, 9:40-10:10, MAT-AWA
5AC, KHAMIS, 10:10-10:40, MAT-AWA
5AC, KHAMIS, 11:00-11:30, SN-ZIA
5AC, KHAMIS, 11:30-12:00, SN-ZIA
5AC, KHAMIS, 12:00-12:30, PA-LIZ
5AC, KHAMIS, 12:30-1:00, PA-LIZ
5AC, KHAMIS, 1:00-1:30, PAM-HAI
5AC, JUMAAT, 7:45-8:15, SEJ-DIN
5AC, JUMAAT, 8:15-8:45, SEJ-DIN
5AC, JUMAAT, 8:45-9:15, BM-FID
5AC, JUMAAT, 9:15-9:45, BM-FID
5AC, JUMAAT, 9:45-10:15, BM-FID
5AC, JUMAAT, 10:35-11:05, PIA-HAI
5AC, JUMAAT, 11:05-11:35, PIA-HAI
5AC, JUMAAT, 11:35-12:05, PIA-HAI
5ART, ISNIN, 7:40-8:10, PP-SGS
5ART, ISNIN, 8:10-8:40, TS-CHE
5ART, ISNIN, 8:40-9:10, TS-CHE
5ART, ISNIN, 9:10-9:40, BM-AIS
5ART, ISNIN, 9:40-10:10, MAT-ROS
5ART, ISNIN, 10:10-10:40, MAT-ROS
5ART, ISNIN, 11:00-11:30, PJ-AYA
5ART, ISNIN, 11:30-12:00, PJ-AYA
5ART, ISNIN, 12:00-12:30, PIA-SAI
5ART, ISNIN, 12:30-1:00, BI-JAN
5ART, ISNIN, 1:00-1:30, BI-JAN
5ART, SELASA, 7:40-8:10, PIA-SAI
5ART, SELASA, 8:10-8:40, PIA-SAI
5ART, SELASA, 8:40-9:10, TS-CHE
5ART, SELASA, 9:10-9:40, TS-CHE
5ART, SELASA, 9:40-10:10, BI-JAN
5ART, SELASA, 10:10-10:40, BI-JAN
5ART, SELASA, 11:00-11:30, SN-ZIA
5ART, SELASA, 11:30-12:00, SN-ZIA
5ART, SELASA, 12:00-12:30, SEJ-DIN
5ART, SELASA, 12:30-1:00, BM-AIS
5ART, SELASA, 1:00-1:30, BM-AIS
5ART, RABU, 7:40-8:10, SEJ-DIN
5ART, RABU, 8:10-8:40, SEJ-DIN
5ART, RABU, 8:40-9:10, PSV-ALA
5ART, RABU, 9:10-9:40, PSV-ALA
5ART, RABU, 9:40-10:10, PIA-SAI
5ART, RABU, 10:10-10:40, PIA-SAI
5ART, RABU, 11:00-11:30, BI-JAN
5ART, RABU, 11:30-12:00, BI-JAN
5ART, RABU, 12:00-12:30, BM-AIS
5ART, RABU, 12:30-1:00, BM-AIS
5ART, KHAMIS, 7:40-8:10, SEJ-DIN
5ART, KHAMIS, 8:10-8:40, SN-ZIA
5ART, KHAMIS, 8:40-9:10, SN-ZIA
5ART, KHAMIS, 9:10-9:40, PJ-FUL
5ART, KHAMIS, 9:40-10:10, PJ-FUL
5ART, KHAMIS, 10:10-10:40, TS-CHE
5ART, KHAMIS, 11:00-11:30, BM-AIS
5ART, KHAMIS, 11:30-12:00, BM-AIS
5ART, KHAMIS, 12:00-12:30, MAT-ROS
5ART, KHAMIS, 12:30-1:00, MAT-ROS
5ART, KHAMIS, 1:00-1:30, PAM-SAI
5ART, JUMAAT, 7:45-8:15, MAT-ROS
5ART, JUMAAT, 8:15-8:45, MAT-ROS
5ART, JUMAAT, 8:45-9:15, TS-CHE
5ART, JUMAAT, 9:15-9:45, SN-ZIA
5ART, JUMAAT, 9:45-10:15, SN-ZIA
5ART, JUMAAT, 10:35-11:05, PSV-ALA
5ART, JUMAAT, 11:05-11:35, PSV-ALA
5ART, JUMAAT, 11:35-12:05, PSV-ALA
5DG, ISNIN, 7:40-8:10, PP-SGS
5DG, ISNIN, 8:10-8:40, BI-ITA
5DG, ISNIN, 8:40-9:10, BI-ITA
5DG, ISNIN, 9:10-9:40, PJ-FUL
5DG, ISNIN, 9:40-10:10, PJ-FUL
5DG, ISNIN, 10:10-10:40, PIA-HAI
5DG, ISNIN, 11:00-11:30, PRT-TUN
5DG, ISNIN, 11:30-12:00, PRT-TUN
5DG, ISNIN, 12:00-12:30, PRT-TUN
5DG, ISNIN, 12:30-1:00, PRT-TUN
5DG, ISNIN, 1:00-1:30, PRT-TUN
5DG, ISNIN, 1:30-2:00, BM-AIS
5DG, ISNIN, 2:00-2:30, BM-AIS
5DG, SELASA, 7:40-8:10, BM-AIS
5DG, SELASA, 8:10-8:40, BM-AIS
5DG, SELASA, 8:40-9:10, PRT-TUN
5DG, SELASA, 9:10-9:40, PRT-TUN
5DG, SELASA, 9:40-10:10, PRT-TUN
5DG, SELASA, 10:10-10:40, PRT-TUN
5DG, SELASA, 11:00-11:30, MAT-ROS
5DG, SELASA, 11:30-12:00, MAT-ROS
5DG, SELASA, 12:00-12:30, SEJ-ITI
5DG, SELASA, 12:30-1:00, SEJ-ITI
5DG, SELASA, 1:00-1:30, PIA-HAI
5DG, SELASA, 1:30-2:00, SN-ZIA
5DG, SELASA, 2:00-2:30, SN-ZIA
5DG, RABU, 7:40-8:10, MAT-ROS
5DG, RABU, 8:10-8:40, MAT-ROS
5DG, RABU, 8:40-9:10, SN-ZIA
5DG, RABU, 9:10-9:40, BM-AIS
5DG, RABU, 9:40-10:10, BM-AIS
5DG, RABU, 10:10-10:40, BM-AIS
5DG, RABU, 11:00-11:30, BI-ITA
5DG, RABU, 11:30-12:00, BI-ITA
5DG, RABU, 12:00-12:30, SN-ZIA
5DG, RABU, 12:30-1:00, SN-ZIA
5DG, KHAMIS, 7:40-8:10, PRT-TUN
5DG, KHAMIS, 8:10-8:40, PRT-TUN
5DG, KHAMIS, 8:40-9:10, PRT-TUN
5DG, KHAMIS, 9:10-9:40, PRT-TUN
5DG, KHAMIS, 9:40-10:10, BI-ITA
5DG, KHAMIS, 10:10-10:40, BI-ITA
5DG, KHAMIS, 11:00-11:30, MAT-ROS
5DG, KHAMIS, 11:30-12:00, MAT-ROS
5DG, KHAMIS, 12:00-12:30, PIA-HAI
5DG, KHAMIS, 12:30-1:00, PIA-HAI
5DG, KHAMIS, 1:00-1:30, PAM-HAI
5DG, KHAMIS, 1:30-2:00, PIA-HAI
5DG, JUMAAT, 7:45-8:15, SEJ-ITI
5DG, JUMAAT, 8:15-8:45, SEJ-ITI
5DG, JUMAAT, 8:45-9:15, SN-ZIA
5DG, JUMAAT, 9:15-9:45, PJ-FUL
5DG, JUMAAT, 9:45-10:15, PJ-FUL
5DG, JUMAAT, 10:35-11:05, PRT-TUN
5DG, JUMAAT, 11:05-11:35, PRT-TUN
5DG, JUMAAT, 11:35-12:05, PRT-TUN
5EN, ISNIN, 7:40-8:10, PP-SGS
5EN, ISNIN, 8:10-8:40, MAT-AWA
5EN, ISNIN, 8:40-9:10, MAT-AWA
5EN, ISNIN, 9:10-9:40, BM-NAZ
5EN, ISNIN, 9:40-10:10, BM-NAZ
5EN, ISNIN, 10:10-10:40, BM-NAZ
5EN, ISNIN, 11:00-11:30, FIZ-VIV
5EN, ISNIN, 11:30-12:00, FIZ-VIV
5EN, ISNIN, 12:00-12:30, FIZ-VIV
5EN, ISNIN, 12:30-1:00, PIA-SAI
5EN, ISNIN, 1:00-1:30, PIA-SAI
5EN, ISNIN, 1:30-2:00, GKT-ZAB
5EN, ISNIN, 2:00-2:30, GKT-ZAB
5EN, SELASA, 7:40-8:10, MAT-AWA
5EN, SELASA, 8:10-8:40, MAT-AWA
5EN, SELASA, 8:40-9:10, MAT-AWA
5EN, SELASA, 9:10-9:40, PJ-SOF
5EN, SELASA, 9:40-10:10, PJ-SOF
5EN, SELASA, 10:10-10:40, MT-ZUN
5EN, SELASA, 11:00-11:30, BI-JAN
5EN, SELASA, 11:30-12:00, BI-JAN
5EN, SELASA, 12:00-12:30, BM-NAZ
5EN, SELASA, 12:30-1:00, BM-NAZ
5EN, SELASA, 1:00-1:30, GKT-ZAB
5EN, SELASA, 1:30-2:00, GKT-ZAB
5EN, SELASA, 2:00-2:30, PIA-SAI
5EN, RABU, 7:40-8:10, BI-JAN
5EN, RABU, 8:10-8:40, BI-JAN
5EN, RABU, 8:40-9:10, MT-ZUN
5EN, RABU, 9:10-9:40, MT-ZUN
5EN, RABU, 9:40-10:10, BM-NAZ
5EN, RABU, 10:10-10:40, BM-NAZ
5EN, RABU, 11:00-11:30, SEJ-FIR
5EN, RABU, 11:30-12:00, SEJ-FIR
5EN, RABU, 12:00-12:30, KIM-MIZ
5EN, RABU, 12:30-1:00, KIM-MIZ
5EN, KHAMIS, 7:40-8:10, PIA-SAI
5EN, KHAMIS, 8:10-8:40, PIA-SAI
5EN, KHAMIS, 8:40-9:10, GKT-ZAB
5EN, KHAMIS, 9:10-9:40, GKT-ZAB
5EN, KHAMIS, 9:40-10:10, MT-ZUN
5EN, KHAMIS, 10:10-10:40, MT-ZUN
5EN, KHAMIS, 11:00-11:30, FIZ-VIV
5EN, KHAMIS, 11:30-12:00, FIZ-VIV
5EN, KHAMIS, 12:00-12:30, SEJ-FIR
5EN, KHAMIS, 12:30-1:00, SEJ-FIR
5EN, KHAMIS, 1:00-1:30, MAT-AWA
5EN, KHAMIS, 1:30-2:00, PAM-SAI
5EN, JUMAAT, 7:45-8:15, PJ-SOF
5EN, JUMAAT, 8:15-8:45, PJ-SOF
5EN, JUMAAT, 8:45-9:15, KIM-MIZ
5EN, JUMAAT, 9:15-9:45, KIM-MIZ
5EN, JUMAAT, 9:45-10:15, KIM-MIZ
5EN, JUMAAT, 10:35-11:05, PIA-SAI
5EN, JUMAAT, 11:05-11:35, PIA-SAI
5EN, JUMAAT, 11:35-12:05, MT-ZUN
5ET, ISNIN, 7:40-8:10, PP-SGS
5ET, ISNIN, 8:10-8:40, BM-AYA
5ET, ISNIN, 8:40-9:10, BM-AYA
5ET, ISNIN, 9:10-9:40, SN-ZIA
5ET, ISNIN, 9:40-10:10, SN-ZIA
5ET, ISNIN, 10:10-10:40, SN-ZIA
5ET, ISNIN, 11:00-11:30, BI-YUR
5ET, ISNIN, 11:30-12:00, BI-YUR
5ET, ISNIN, 12:00-12:30, PIA-NAI
5ET, ISNIN, 12:30-1:00, PIA-NAI
5ET, ISNIN, 1:00-1:30, EA-LAH
5ET, ISNIN, 1:30-2:00, EA-LAH
5ET, SELASA, 7:40-8:10, PJ-AYA
5ET, SELASA, 8:10-8:40, PJ-AYA
5ET, SELASA, 8:40-9:10, SEJ-FIR
5ET, SELASA, 9:10-9:40, SEJ-FIR
5ET, SELASA, 9:40-10:10, BI-YUR
5ET, SELASA, 10:10-10:40, BI-YUR
5ET, SELASA, 11:00-11:30, BM-AYA
5ET, SELASA, 11:30-12:00, BM-AYA
5ET, SELASA, 12:00-12:30, BM-AYA
5ET, SELASA, 12:30-1:00, SN-ZIA
5ET, SELASA, 1:00-1:30, PIA-NAI
5ET, SELASA, 1:30-2:00, BI-JAN
5ET, SELASA, 2:00-2:30, BI-JAN
5ET, RABU, 7:40-8:10, BI-YUR
5ET, RABU, 8:10-8:40, BI-YUR
5ET, RABU, 8:40-9:10, BM-AYA
5ET, RABU, 9:10-9:40, BM-AYA
5ET, RABU, 9:40-10:10, SRT-WAN
5ET, RABU, 10:10-10:40, SRT-WAN
5ET, RABU, 11:00-11:30, SRT-WAN
5ET, RABU, 11:30-12:00, MAT-AWA
5ET, RABU, 12:00-12:30, MAT-AWA
5ET, RABU, 12:30-1:00, MAT-AWA
5ET, KHAMIS, 7:40-8:10, PJ-AYA
5ET, KHAMIS, 8:10-8:40, PJ-AYA
5ET, KHAMIS, 8:40-9:10, EA-LAH
5ET, KHAMIS, 9:10-9:40, EA-LAH
5ET, KHAMIS, 9:40-10:10, SEJ-FIR
5ET, KHAMIS, 10:10-10:40, SEJ-FIR
5ET, KHAMIS, 11:00-11:30, SN-ZIA
5ET, KHAMIS, 11:30-12:00, SN-ZIA
5ET, KHAMIS, 12:00-12:30, PIA-NAI
5ET, KHAMIS, 12:30-1:00, PIA-NAI
5ET, KHAMIS, 1:00-1:30, PAM-NAI
5ET, JUMAAT, 7:45-8:15, EA-LAH
5ET, JUMAAT, 8:15-8:45, EA-LAH
5ET, JUMAAT, 8:45-9:15, SRT-WAN
5ET, JUMAAT, 9:15-9:45, SRT-WAN
5ET, JUMAAT, 9:45-10:15, SRT-WAN
5ET, JUMAAT, 10:35-11:05, MAT-AWA
5ET, JUMAAT, 11:05-11:35, MAT-AWA
5ET, JUMAAT, 11:35-12:05, MAT-AWA
5PV,ISNIN,7:40-8:10,PP-SGS
5PV,ISNIN,8:10-8:40,PEM-SAI
5PV,ISNIN,8:40-9:10,PEM-SAI
5PV,ISNIN,9:10-9:40,TMN-FAH
5PV,ISNIN,9:40-10:10,TMN-FAH
5PV,ISNIN,10:10-10:40,TMN-FAH
5PV,ISNIN,11:00-11:30,TMN-FAH
5PV,ISNIN,11:30-12:00,TMN-FAH
5PV,ISNIN,12:00-12:30,TMN-FAH
5PV,ISNIN,12:30-1:00,BI-YUR
5PV,ISNIN,1:00-1:30,MEM-SAF
5PV,ISNIN,2:00-2:30,MEM-SAF
5PV,SELASA,7:40-8:10,MEM-SAF
5PV,SELASA,8:10-8:40,MEM-SAF
5PV,SELASA,8:40-9:10,MEM-SAF
5PV,SELASA,9:10-9:40,TMN-MAR
5PV,SELASA,9:40-10:10,TMN-MAR
5PV,SELASA,10:10-10:40,TMN-MAR
5PV,SELASA,11:00-11:30,BM-FID
5PV,SELASA,11:30-12:00,BM-FID
5PV,SELASA,12:00-12:30,TMN-MAR
5PV,SELASA,12:30-1:00,TMN-MAR
5PV,SELASA,1:00-1:30,TMN-MAR
5PV,SELASA,1:30-2:00,PEM-SAI
5PV,RABU,7:40-8:10,TMN-MAR
5PV,RABU,8:10-8:40,TMN-MAR
5PV,RABU,8:40-9:10,BI-ITA
5PV,RABU,9:10-9:40,BI-ITA
5PV,RABU,9:40-10:10,BM-FID
5PV,RABU,10:10-10:40,BM-FID
5PV,RABU,11:00-11:30,SEJ-AIN
5PV,RABU,11:30-12:00,SEJ-AIN
5PV,RABU,12:00-12:30,TMN-MAR
5PV,RABU,12:30-1:00,TMN-MAR
5PV,RABU,1:00-1:30,TMN-MAR
5PV,RABU,1:30-2:00,PEM-SAI
5PV,RABU,2:00-2:30,PEM-SAI
5PV,KHAMIS,7:40-8:10,SEJ-AIN
5PV,KHAMIS,8:10-8:40,SEJ-AIN
5PV,KHAMIS,8:40-9:10,TMN-MAR
5PV,KHAMIS,9:10-9:40,TMN-MAR
5PV,KHAMIS,9:40-10:10,TMN-MAR
5PV,KHAMIS,10:10-10:40,TMN-MAR
5PV,KHAMIS,11:00-11:30,TMN-MAR
5PV,KHAMIS,11:30-12:00,TMN-MAR
5PV,KHAMIS,12:00-12:30,PEM-SAI
5PV,KHAMIS,12:30-1:00,PEM-SAI
5PV,KHAMIS,1:00-1:30,PAM-SAI
5PV,KHAMIS,1:30-2:00,TMN-MAR
5PV,KHAMIS,2:00-2:30,TMN-MAR
5PV,JUMAAT,7:45-8:15,BI-ITA
5PV,JUMAAT,8:15-8:45,BI-ITA
5PV,JUMAAT,8:45-9:15,TMN-MAR
5PV,JUMAAT,9:15-9:45,TMN-MAR
5PV,JUMAAT,9:45-10:15,TMN-MAR
5PV,JUMAAT,10:35-11:05,TMN-MAR
5PV,JUMAAT,11:05-11:35,BM-FID
5PV,JUMAAT,11:35-12:05,BM-FID
5TR, ISNIN, 7:40-8:10, PP-SGS
5TR, ISNIN, 8:10-8:40, PIA-HAI
5TR, ISNIN, 8:40-9:10, PIA-HAI
5TR, ISNIN, 9:10-9:40, PJ-SOF
5TR, ISNIN, 9:40-10:10, PJ-SOF
5TR, ISNIN, 10:10-10:40, BI-VUR
5TR, ISNIN, 11:00-11:30, MAT-ROS
5TR, ISNIN, 11:30-12:00, MAT-ROS
5TR, ISNIN, 12:00-12:30, BM-AVA
5TR, ISNIN, 12:30-1:00, BM-AVA
5TR, SELASA, 7:40-8:10, PNG-FAD
5TR, SELASA, 8:10-8:40, PNG-FAD
5TR, SELASA, 8:40-9:10, SN-ZIA
5TR, SELASA, 9:10-9:40, SN-ZIA
5TR, SELASA, 9:40-10:10, BM-AVA
5TR, SELASA, 10:10-10:40, BM-AVA
5TR, SELASA, 11:00-11:30, PNG-FAD
5TR, SELASA, 11:30-12:00, SEJ-AIN
5TR, SELASA, 12:00-12:30, SEJ-AIN
5TR, SELASA, 12:30-1:00, PSV-ALA
5TR, SELASA, 1:00-1:30, PSV-ALA
5TR, SELASA, 1:30-2:00, PSV-ALA
5TR, RABU, 7:40-8:10, PIA-HAI
5TR, RABU, 8:10-8:40, PIA-HAI
5TR, RABU, 8:40-9:10, PNG-FAD
5TR, RABU, 9:10-9:40, SN-ZIA
5TR, RABU, 9:40-10:10, SN-ZIA
5TR, RABU, 10:10-10:40, SN-ZIA
5TR, RABU, 11:00-11:30, MAT-ROS
5TR, RABU, 11:30-12:00, MAT-ROS
5TR, RABU, 12:00-12:30, BI-VUR
5TR, RABU, 12:30-1:00, BI-VUR
5TR, KHAMIS, 7:40-8:10, PSV-ALA
5TR, KHAMIS, 8:10-8:40, PSV-ALA
5TR, KHAMIS, 8:40-9:10, MAT-ROS
5TR, KHAMIS, 9:10-9:40, MAT-ROS
5TR, KHAMIS, 9:40-10:10, SEJ-AIN
5TR, KHAMIS, 10:10-10:40, SEJ-AIN
5TR, KHAMIS, 11:00-11:30, BI-VUR
5TR, KHAMIS, 11:30-12:00, BI-VUR
5TR, KHAMIS, 12:00-12:30, PNG-FAD
5TR, KHAMIS, 12:30-1:00, PNG-FAD
5TR, KHAMIS, 1:00-1:30, PAM-HAI
5TR, JUMAAT, 7:45-8:15, BM-AVA
5TR, JUMAAT, 8:15-8:45, BM-AVA
5TR, JUMAAT, 8:45-9:15, PJ-SOF
5TR, JUMAAT, 9:15-9:45, PJ-SOF
5TR, JUMAAT, 9:45-10:15, SN-ZIA
5TR, JUMAAT, 10:35-11:05, SN-ZIA
5TR, JUMAAT, 11:05-11:35, PNG-FAD
5TR, JUMAAT, 11:35-12:05, PNG-FAD
